{"cameraMode":{"drawMode":0,"name":"Shaded","section":"Shading Mode"},"sceneLighting":false,"audioPlay":false,"sceneViewState":{"showFog":true,"showMaterialUpdate":false,"showSkybox":false,"showFlares":true,"showImageEffects":true,"showParticleSystems":true},"in2DMode":false,"pivot":{"x":-1.9011644124984742,"y":-3.289886951446533,"z":-0.43889784812927248},"rotation":{"x":0.25184428691864016,"y":-0.2155470848083496,"z":0.05762350931763649,"w":0.9417266845703125},"size":0.571576714515686,"orthographic":false}