{"cameraMode":{"drawMode":0,"name":"Shaded","section":"Shading Mode"},"sceneLighting":true,"audioPlay":false,"sceneViewState":{"showFog":true,"showMaterialUpdate":false,"showSkybox":false,"showFlares":true,"showImageEffects":true,"showParticleSystems":true},"in2DMode":false,"pivot":{"x":-0.6548781394958496,"y":21.335403442382814,"z":-16.585397720336915},"rotation":{"x":0.2996051609516144,"y":0.05576259270310402,"z":-0.017566194757819177,"w":0.9523004293441773},"size":12.12435531616211,"orthographic":false}