{"cameraMode":{"drawMode":0,"name":"Shaded","section":"Shading Mode"},"sceneLighting":true,"audioPlay":false,"sceneViewState":{"showFog":true,"showMaterialUpdate":false,"showSkybox":true,"showFlares":true,"showImageEffects":true,"showParticleSystems":true},"in2DMode":false,"pivot":{"x":-2.866454601287842,"y":2.918900966644287,"z":-3.06000018119812},"rotation":{"x":0.2996051609516144,"y":0.05576259270310402,"z":-0.017566194757819177,"w":0.9523004293441773},"size":0.1858007162809372,"orthographic":false}