{"cameraMode":{"drawMode":0,"name":"Shaded","section":"Shading Mode"},"sceneLighting":false,"audioPlay":false,"sceneViewState":{"showFog":true,"showMaterialUpdate":false,"showSkybox":false,"showFlares":true,"showImageEffects":true,"showParticleSystems":true},"in2DMode":false,"pivot":{"x":-1.6904582977294922,"y":2.5396363735198976,"z":-1.4098949432373047},"rotation":{"x":0.0973023921251297,"y":-0.518440842628479,"z":0.059517525136470798,"w":0.8474882245063782},"size":2.0715765953063967,"orthographic":false}