{"cameraMode":{"drawMode":0,"name":"Shaded","section":"Shading Mode"},"sceneLighting":false,"audioPlay":false,"sceneViewState":{"showFog":true,"showMaterialUpdate":false,"showSkybox":false,"showFlares":true,"showImageEffects":true,"showParticleSystems":true},"in2DMode":false,"pivot":{"x":-1.1449999809265137,"y":1.7668505907058716,"z":-1.6587555408477784},"rotation":{"x":0.25184428691864016,"y":-0.2155470848083496,"z":0.05762350931763649,"w":0.9417266845703125},"size":0.6274281740188599,"orthographic":false}