{"cameraMode":{"drawMode":0,"name":"Shaded","section":"Shading Mode"},"sceneLighting":false,"audioPlay":false,"sceneViewState":{"showFog":true,"showMaterialUpdate":false,"showSkybox":false,"showFlares":true,"showImageEffects":true,"showParticleSystems":true},"in2DMode":false,"pivot":{"x":-1.628127098083496,"y":1.4071749448776246,"z":-0.35763031244277956},"rotation":{"x":0.18402588367462159,"y":0.6362088918685913,"z":-0.1599660962820053,"w":0.7320132851600647},"size":0.49012982845306399,"orthographic":false}