{"cameraMode":{"drawMode":0,"name":"Shaded","section":"Shading Mode"},"sceneLighting":true,"audioPlay":false,"sceneViewState":{"showFog":false,"showMaterialUpdate":false,"showSkybox":false,"showFlares":true,"showImageEffects":true,"showParticleSystems":true},"in2DMode":false,"pivot":{"x":1.844226360321045,"y":-0.5329303741455078,"z":3.2078702449798586},"rotation":{"x":0.1844780147075653,"y":-0.6799635291099548,"z":0.18293358385562898,"w":0.6857076287269592},"size":9.530230522155762,"orthographic":false}