{"cameraMode":{"drawMode":0,"name":"Shaded","section":"Shading Mode"},"sceneLighting":false,"audioPlay":false,"sceneViewState":{"showFog":false,"showMaterialUpdate":false,"showSkybox":false,"showFlares":true,"showImageEffects":true,"showParticleSystems":true},"in2DMode":false,"pivot":{"x":234.7331085205078,"y":12.758910179138184,"z":234.64402770996095},"rotation":{"x":-0.12520483136177064,"y":0.7194637656211853,"z":-0.13452155888080598,"w":-0.6698577404022217},"size":2.133974552154541,"orthographic":false}