{"cameraMode":{"drawMode":0,"name":"Shaded","section":"Shading Mode"},"sceneLighting":false,"audioPlay":false,"sceneViewState":{"showFog":false,"showMaterialUpdate":false,"showSkybox":false,"showFlares":true,"showImageEffects":true,"showParticleSystems":true},"in2DMode":false,"pivot":{"x":-1.9011644124984742,"y":-3.289886951446533,"z":-0.43889784812927248},"rotation":{"x":0.002184854121878743,"y":0.9973946809768677,"z":-0.06623707711696625,"w":0.03449702635407448},"size":0.17320504784584046,"orthographic":false}