{"cameraMode":{"drawMode":0,"name":"Shaded","section":"Shading Mode"},"sceneLighting":false,"audioPlay":false,"sceneViewState":{"showFog":true,"showMaterialUpdate":false,"showSkybox":false,"showFlares":true,"showImageEffects":true,"showParticleSystems":true},"in2DMode":false,"pivot":{"x":-2.232900857925415,"y":1.1113975048065186,"z":-0.15251751244068147},"rotation":{"x":-0.12413936853408814,"y":0.6398094296455383,"z":-0.10575462877750397,"w":-0.7510356307029724},"size":0.7267948985099793,"orthographic":false}