{"cameraMode":{"drawMode":0,"name":"Shaded","section":"Shading Mode"},"sceneLighting":false,"audioPlay":false,"sceneViewState":{"showFog":true,"showMaterialUpdate":false,"showSkybox":false,"showFlares":true,"showImageEffects":true,"showParticleSystems":true},"in2DMode":false,"pivot":{"x":0.0,"y":0.26849567890167239,"z":-0.22061270475387574},"rotation":{"x":-0.11376958340406418,"y":0.8859689831733704,"z":-0.32924962043762209,"w":-0.30614104866981509},"size":0.4177881181240082,"orthographic":false}