{"cameraMode":{"drawMode":0,"name":"Shaded","section":"Shading Mode"},"sceneLighting":false,"audioPlay":false,"sceneViewState":{"showFog":true,"showMaterialUpdate":false,"showSkybox":false,"showFlares":true,"showImageEffects":true,"showParticleSystems":true},"in2DMode":false,"pivot":{"x":1.926685094833374,"y":1.0328288078308106,"z":0.7933969497680664},"rotation":{"x":-0.14112015068531037,"y":0.33075547218322756,"z":-0.05009282007813454,"w":-0.9317793250083923},"size":2.36602520942688,"orthographic":false}