{"cameraMode":{"drawMode":0,"name":"Shaded","section":"Shading Mode"},"sceneLighting":false,"audioPlay":false,"sceneViewState":{"showFog":false,"showMaterialUpdate":false,"showSkybox":false,"showFlares":true,"showImageEffects":true,"showParticleSystems":true},"in2DMode":false,"pivot":{"x":220.6265106201172,"y":15.034623146057129,"z":233.12457275390626},"rotation":{"x":-0.08124776929616928,"y":0.7066609859466553,"z":-0.08218199014663696,"w":-0.6982085108757019},"size":3.292604684829712,"orthographic":false}