{"cameraMode":{"drawMode":0,"name":"Shaded","section":"Shading Mode"},"sceneLighting":false,"audioPlay":false,"sceneViewState":{"showFog":false,"showMaterialUpdate":false,"showSkybox":false,"showFlares":true,"showImageEffects":true,"showParticleSystems":true},"in2DMode":false,"pivot":{"x":-1.611623764038086,"y":1.4846506118774415,"z":-0.32406318187713625},"rotation":{"x":0.16752642393112184,"y":-0.6167474389076233,"z":0.13650238513946534,"w":0.7569455504417419},"size":0.49012982845306399,"orthographic":false}