{"cameraMode":{"drawMode":0,"name":"Shaded","section":"Shading Mode"},"sceneLighting":false,"audioPlay":false,"sceneViewState":{"showFog":false,"showMaterialUpdate":false,"showSkybox":false,"showFlares":true,"showImageEffects":true,"showParticleSystems":true},"in2DMode":false,"pivot":{"x":-6.473953723907471,"y":-3.233154773712158,"z":-2.7493791580200197},"rotation":{"x":0.26492905616760256,"y":-0.4330154359340668,"z":0.13481415808200837,"w":0.8509933948516846},"size":4.632187366485596,"orthographic":false}