{"cameraMode":{"drawMode":0,"name":"Shaded","section":"Shading Mode"},"sceneLighting":false,"audioPlay":false,"sceneViewState":{"showFog":true,"showMaterialUpdate":false,"showSkybox":false,"showFlares":true,"showImageEffects":true,"showParticleSystems":true},"in2DMode":false,"pivot":{"x":0.0,"y":0.05485061556100845,"z":-0.560279905796051},"rotation":{"x":-0.12413936853408814,"y":0.6398094296455383,"z":-0.10575462877750397,"w":-0.7510356307029724},"size":0.5824927091598511,"orthographic":false}