{"cameraMode":{"drawMode":0,"name":"Shaded","section":"Shading Mode"},"sceneLighting":false,"audioPlay":false,"sceneViewState":{"showFog":true,"showMaterialUpdate":false,"showSkybox":false,"showFlares":true,"showImageEffects":true,"showParticleSystems":true},"in2DMode":false,"pivot":{"x":0.0,"y":-0.22061261534690858,"z":-0.2684957981109619},"rotation":{"x":-0.093080535531044,"y":0.6776002645492554,"z":-0.08707825839519501,"w":-0.7243022918701172},"size":0.41778817772865298,"orthographic":false}