{"cameraMode":{"drawMode":0,"name":"Shaded","section":"Shading Mode"},"sceneLighting":true,"audioPlay":false,"sceneViewState":{"showFog":false,"showMaterialUpdate":false,"showSkybox":false,"showFlares":true,"showImageEffects":true,"showParticleSystems":true},"in2DMode":false,"pivot":{"x":6.943382263183594,"y":-2.007477045059204,"z":1.1275310516357422},"rotation":{"x":0.16994324326515199,"y":-0.7830618619918823,"z":0.2435171902179718,"w":0.5464770197868347},"size":1.5908105373382569,"orthographic":false}