{"cameraMode":{"drawMode":0,"name":"Shaded","section":"Shading Mode"},"sceneLighting":false,"audioPlay":false,"sceneViewState":{"showFog":false,"showMaterialUpdate":false,"showSkybox":false,"showFlares":true,"showImageEffects":true,"showParticleSystems":true},"in2DMode":false,"pivot":{"x":218.90505981445313,"y":17.615150451660158,"z":229.90354919433595},"rotation":{"x":-0.14111976325511933,"y":0.5628221035003662,"z":-0.0982683077454567,"w":-0.8085616827011108},"size":3.162639856338501,"orthographic":false}