{"cameraMode":{"drawMode":0,"name":"Shaded","section":"Shading Mode"},"sceneLighting":true,"audioPlay":false,"sceneViewState":{"showFog":true,"showMaterialUpdate":false,"showSkybox":true,"showFlares":true,"showImageEffects":true,"showParticleSystems":true},"in2DMode":false,"pivot":{"x":-2.866454601287842,"y":2.918900966644287,"z":-3.06000018119812},"rotation":{"x":-0.2974869906902313,"y":0.46646031737327578,"z":-0.17017093300819398,"w":-0.8154512047767639},"size":0.1858007162809372,"orthographic":false}