{"cameraMode":{"drawMode":0,"name":"Shaded","section":"Shading Mode"},"sceneLighting":false,"audioPlay":false,"sceneViewState":{"showFog":false,"showMaterialUpdate":false,"showSkybox":false,"showFlares":true,"showImageEffects":true,"showParticleSystems":true},"in2DMode":false,"pivot":{"x":-6.345494747161865,"y":-2.513792037963867,"z":-1.730562686920166},"rotation":{"x":0.26492905616760256,"y":-0.4330154359340668,"z":0.13481415808200837,"w":0.8509933948516846},"size":7.384968280792236,"orthographic":false}