{"cameraMode":{"drawMode":0,"name":"Shaded","section":"Shading Mode"},"sceneLighting":false,"audioPlay":false,"sceneViewState":{"showFog":false,"showMaterialUpdate":false,"showSkybox":false,"showFlares":true,"showImageEffects":true,"showParticleSystems":true},"in2DMode":false,"pivot":{"x":-0.05489155650138855,"y":-0.11146150529384613,"z":-0.19476130604743958},"rotation":{"x":0.12730471789836884,"y":-0.3804074823856354,"z":0.05294080451130867,"w":0.914511501789093},"size":0.24918967485427857,"orthographic":false}