{"cameraMode":{"drawMode":0,"name":"Shaded","section":"Shading Mode"},"sceneLighting":false,"audioPlay":false,"sceneViewState":{"showFog":false,"showMaterialUpdate":false,"showSkybox":false,"showFlares":true,"showImageEffects":true,"showParticleSystems":true},"in2DMode":false,"pivot":{"x":7.450580596923828e-9,"y":0.21434149146080018,"z":-0.5225143432617188},"rotation":{"x":0.1844780147075653,"y":-0.6799635291099548,"z":0.18293358385562898,"w":0.6857076287269592},"size":1.1980433464050294,"orthographic":false}