{"cameraMode":{"drawMode":0,"name":"Shaded","section":"Shading Mode"},"sceneLighting":false,"audioPlay":false,"sceneViewState":{"showFog":false,"showMaterialUpdate":false,"showSkybox":false,"showFlares":true,"showImageEffects":true,"showParticleSystems":true},"in2DMode":false,"pivot":{"x":0.3372848331928253,"y":0.14836740493774415,"z":-0.5634658336639404},"rotation":{"x":-0.2313816398382187,"y":0.03969087451696396,"z":0.009430593810975552,"w":0.9720338582992554},"size":0.5491896867752075,"orthographic":false}