{"cameraMode":{"drawMode":0,"name":"Shaded","section":"Shading Mode"},"sceneLighting":false,"audioPlay":false,"sceneViewState":{"showFog":false,"showMaterialUpdate":false,"showSkybox":false,"showFlares":true,"showImageEffects":true,"showParticleSystems":true},"in2DMode":false,"pivot":{"x":-1.422108769416809,"y":3.1700730323791506,"z":-5.010070323944092},"rotation":{"x":-0.10261114686727524,"y":-0.7868883013725281,"z":0.13613837957382203,"w":-0.5931165218353272},"size":1.7083740234375,"orthographic":false}