{"cameraMode":{"drawMode":0,"name":"Shaded","section":"Shading Mode"},"sceneLighting":false,"audioPlay":false,"sceneViewState":{"showFog":false,"showMaterialUpdate":false,"showSkybox":false,"showFlares":true,"showImageEffects":true,"showParticleSystems":true},"in2DMode":false,"pivot":{"x":224.87515258789063,"y":14.041792869567871,"z":233.89813232421876},"rotation":{"x":-0.06484920531511307,"y":0.7042052745819092,"z":-0.06482034176588059,"w":-0.7041845917701721},"size":3.3073947429656984,"orthographic":false}