{"cameraMode":{"drawMode":0,"name":"Shaded","section":"Shading Mode"},"sceneLighting":false,"audioPlay":false,"sceneViewState":{"showFog":true,"showMaterialUpdate":false,"showSkybox":false,"showFlares":true,"showImageEffects":true,"showParticleSystems":true},"in2DMode":false,"pivot":{"x":-1.6399998664855958,"y":-0.946125864982605,"z":-2.9649577140808107},"rotation":{"x":-0.1870531439781189,"y":0.7788546681404114,"z":-0.27359190583229067,"w":-0.5324994921684265},"size":7.187387466430664,"orthographic":false}