{"cameraMode":{"drawMode":0,"name":"Shaded","section":"Shading Mode"},"sceneLighting":true,"audioPlay":false,"sceneViewState":{"showFog":false,"showMaterialUpdate":false,"showSkybox":false,"showFlares":true,"showImageEffects":true,"showParticleSystems":true},"in2DMode":false,"pivot":{"x":2.490000009536743,"y":-2.5946757793426515,"z":2.994999885559082},"rotation":{"x":0.1844780147075653,"y":-0.6799635291099548,"z":0.18293358385562898,"w":0.6857076287269592},"size":0.8076319098472595,"orthographic":false}