{"cameraMode":{"drawMode":0,"name":"Shaded","section":"Shading Mode"},"sceneLighting":false,"audioPlay":false,"sceneViewState":{"showFog":false,"showMaterialUpdate":false,"showSkybox":false,"showFlares":true,"showImageEffects":true,"showParticleSystems":true},"in2DMode":false,"pivot":{"x":210.78408813476563,"y":20.380783081054689,"z":232.34104919433595},"rotation":{"x":0.013079109601676464,"y":0.9382344484329224,"z":-0.03547021746635437,"w":0.34419599175453188},"size":5.603822708129883,"orthographic":false}