{"cameraMode":{"drawMode":0,"name":"Shaded","section":"Shading Mode"},"sceneLighting":false,"audioPlay":false,"sceneViewState":{"showFog":false,"showMaterialUpdate":false,"showSkybox":false,"showFlares":true,"showImageEffects":true,"showParticleSystems":true},"in2DMode":false,"pivot":{"x":-1.4848651885986329,"y":1.4974558353424073,"z":-0.27880239486694338},"rotation":{"x":0.34325510263442995,"y":-0.1798667013645172,"z":0.0671602264046669,"w":0.919432520866394},"size":0.190129816532135,"orthographic":false}