{"cameraMode":{"drawMode":0,"name":"Shaded","section":"Shading Mode"},"sceneLighting":false,"audioPlay":false,"sceneViewState":{"showFog":false,"showMaterialUpdate":false,"showSkybox":false,"showFlares":true,"showImageEffects":true,"showParticleSystems":true},"in2DMode":false,"pivot":{"x":0.0,"y":-0.419752836227417,"z":-2.9333314895629885},"rotation":{"x":0.14573931694030763,"y":-0.7571921944618225,"z":0.18073827028274537,"w":0.6105665564537048},"size":3.4457502365112306,"orthographic":false}