{"cameraMode":{"drawMode":0,"name":"Shaded","section":"Shading Mode"},"sceneLighting":false,"audioPlay":false,"sceneViewState":{"showFog":true,"showMaterialUpdate":false,"showSkybox":false,"showFlares":true,"showImageEffects":true,"showParticleSystems":true},"in2DMode":false,"pivot":{"x":-0.0090179443359375,"y":2.3217926025390627,"z":-0.7215292453765869},"rotation":{"x":-0.0752987265586853,"y":-0.9189774990081787,"z":0.21498839557170869,"w":-0.3218681812286377},"size":333.807861328125,"orthographic":false}