{"cameraMode":{"drawMode":0,"name":"Shaded","section":"Shading Mode"},"sceneLighting":false,"audioPlay":false,"sceneViewState":{"showFog":true,"showMaterialUpdate":false,"showSkybox":false,"showFlares":true,"showImageEffects":true,"showParticleSystems":true},"in2DMode":false,"pivot":{"x":-0.9084968566894531,"y":1.7823243141174317,"z":-0.5749999284744263},"rotation":{"x":-0.2500917613506317,"y":-0.08642251789569855,"z":0.022419288754463197,"w":-0.9641023874282837},"size":0.8076319098472595,"orthographic":false}