{"cameraMode":{"drawMode":0,"name":"Shaded","section":"Shading Mode"},"sceneLighting":true,"audioPlay":false,"sceneViewState":{"showFog":false,"showMaterialUpdate":false,"showSkybox":true,"showFlares":true,"showImageEffects":true,"showParticleSystems":true},"in2DMode":false,"pivot":{"x":209.44422912597657,"y":5.451669692993164,"z":250.57928466796876},"rotation":{"x":-0.11800111830234528,"y":0.722821831703186,"z":-0.1271401047706604,"w":-0.6691959500312805},"size":19.643495559692384,"orthographic":false}