{"cameraMode":{"drawMode":0,"name":"Shaded","section":"Shading Mode"},"sceneLighting":false,"audioPlay":false,"sceneViewState":{"showFog":true,"showMaterialUpdate":false,"showSkybox":false,"showFlares":true,"showImageEffects":true,"showParticleSystems":true},"in2DMode":false,"pivot":{"x":374.1231384277344,"y":430.44793701171877,"z":0.8350830078125},"rotation":{"x":-0.17339862883090974,"y":0.018314529210329057,"z":-0.003225065767765045,"w":-0.984677255153656},"size":571.430908203125,"orthographic":false}