{"cameraMode":{"drawMode":0,"name":"Shaded","section":"Shading Mode"},"sceneLighting":false,"audioPlay":false,"sceneViewState":{"showFog":false,"showMaterialUpdate":false,"showSkybox":false,"showFlares":true,"showImageEffects":true,"showParticleSystems":true},"in2DMode":false,"pivot":{"x":234.58154296875,"y":13.200361251831055,"z":234.08935546875},"rotation":{"x":-0.14769728481769563,"y":0.6659734845161438,"z":-0.13697460293769837,"w":-0.7183403372764587},"size":0.033974647521972659,"orthographic":false}