{"cameraMode":{"drawMode":0,"name":"Shaded","section":"Shading Mode"},"sceneLighting":false,"audioPlay":false,"sceneViewState":{"showFog":true,"showMaterialUpdate":false,"showSkybox":false,"showFlares":true,"showImageEffects":true,"showParticleSystems":true},"in2DMode":false,"pivot":{"x":0.2777960002422333,"y":0.6150511503219605,"z":-2.7985877990722658},"rotation":{"x":-0.12913528084754945,"y":0.6357824206352234,"z":-0.10901165008544922,"w":-0.7531468868255615},"size":2.4043655395507814,"orthographic":false}