{"cameraMode":{"drawMode":0,"name":"Shaded","section":"Shading Mode"},"sceneLighting":false,"audioPlay":false,"sceneViewState":{"showFog":true,"showMaterialUpdate":false,"showSkybox":false,"showFlares":true,"showImageEffects":true,"showParticleSystems":true},"in2DMode":false,"pivot":{"x":-1.8670134544372559,"y":1.181384801864624,"z":-0.635331928730011},"rotation":{"x":-0.093080535531044,"y":0.6776002645492554,"z":-0.08707825839519501,"w":-0.7243022918701172},"size":5.893675804138184,"orthographic":false}