{"cameraMode":{"drawMode":0,"name":"Shaded","section":"Shading Mode"},"sceneLighting":false,"audioPlay":false,"sceneViewState":{"showFog":true,"showMaterialUpdate":false,"showSkybox":false,"showFlares":true,"showImageEffects":true,"showParticleSystems":true},"in2DMode":false,"pivot":{"x":4.0707292556762699,"y":-0.7354136109352112,"z":-3.946537971496582},"rotation":{"x":-0.01720035821199417,"y":0.3429375886917114,"z":-0.006274182815104723,"w":-0.9391975998878479},"size":2.955075740814209,"orthographic":false}