{"cameraMode":{"drawMode":0,"name":"Shaded","section":"Shading Mode"},"sceneLighting":true,"audioPlay":false,"sceneViewState":{"showFog":false,"showMaterialUpdate":false,"showSkybox":false,"showFlares":true,"showImageEffects":true,"showParticleSystems":true},"in2DMode":false,"pivot":{"x":0.24192726612091065,"y":0.09703460335731507,"z":-0.4192456603050232},"rotation":{"x":0.1844780147075653,"y":-0.6799635291099548,"z":0.18293358385562898,"w":0.6857076287269592},"size":0.7056974768638611,"orthographic":false}