{"cameraMode":{"drawMode":0,"name":"Shaded","section":"Shading Mode"},"sceneLighting":false,"audioPlay":false,"sceneViewState":{"showFog":false,"showMaterialUpdate":false,"showSkybox":false,"showFlares":true,"showImageEffects":true,"showParticleSystems":true},"in2DMode":false,"pivot":{"x":-0.10704706609249115,"y":0.03385840356349945,"z":-0.3227119445800781},"rotation":{"x":0.20036980509757996,"y":-0.3802715241909027,"z":0.08476664870977402,"w":0.8989475965499878},"size":0.3742032051086426,"orthographic":false}