{"cameraMode":{"drawMode":0,"name":"Shaded","section":"Shading Mode"},"sceneLighting":true,"audioPlay":false,"sceneViewState":{"showFog":false,"showMaterialUpdate":false,"showSkybox":true,"showFlares":true,"showImageEffects":true,"showParticleSystems":true},"in2DMode":false,"pivot":{"x":-0.35963988304138186,"y":0.43982040882110598,"z":0.9462623596191406},"rotation":{"x":0.2855404317378998,"y":0.16880230605602265,"z":-0.051157284528017047,"w":0.9420186877250671},"size":1.7050495147705079,"orthographic":false}