{"cameraMode":{"drawMode":0,"name":"Shaded","section":"Shading Mode"},"sceneLighting":false,"audioPlay":false,"sceneViewState":{"showFog":false,"showMaterialUpdate":false,"showSkybox":false,"showFlares":true,"showImageEffects":true,"showParticleSystems":true},"in2DMode":false,"pivot":{"x":-1.915065050125122,"y":0.5201821327209473,"z":4.092596054077148},"rotation":{"x":0.3116892874240875,"y":-0.2990715205669403,"z":0.10405568778514862,"w":0.8958984613418579},"size":1.9003231525421143,"orthographic":false}