{"cameraMode":{"drawMode":0,"name":"Shaded","section":"Shading Mode"},"sceneLighting":false,"audioPlay":false,"sceneViewState":{"showFog":true,"showMaterialUpdate":false,"showSkybox":false,"showFlares":true,"showImageEffects":true,"showParticleSystems":true},"in2DMode":false,"pivot":{"x":-1.7062150239944459,"y":1.4192067384719849,"z":-0.24709290266036988},"rotation":{"x":-0.11376958340406418,"y":0.8859689831733704,"z":-0.32924962043762209,"w":-0.30614104866981509},"size":1.5768167972564698,"orthographic":false}