{"cameraMode":{"drawMode":0,"name":"Shaded","section":"Shading Mode"},"sceneLighting":false,"audioPlay":false,"sceneViewState":{"showFog":false,"showMaterialUpdate":false,"showSkybox":false,"showFlares":true,"showImageEffects":true,"showParticleSystems":true},"in2DMode":false,"pivot":{"x":1.4384557008743287,"y":0.41140198707580569,"z":-2.8517673015594484},"rotation":{"x":0.07224102318286896,"y":-0.8770806193351746,"z":0.13957244157791139,"w":0.4539499878883362},"size":1.045750617980957,"orthographic":false}