{"cameraMode":{"drawMode":0,"name":"Shaded","section":"Shading Mode"},"sceneLighting":false,"audioPlay":false,"sceneViewState":{"showFog":false,"showMaterialUpdate":false,"showSkybox":false,"showFlares":true,"showImageEffects":true,"showParticleSystems":true},"in2DMode":false,"pivot":{"x":239.18582153320313,"y":10.267756462097168,"z":255.1955108642578},"rotation":{"x":0.20036980509757996,"y":-0.3802715241909027,"z":0.08476664870977402,"w":0.8989475965499878},"size":3.0132100582122804,"orthographic":false}