{"cameraMode":{"drawMode":0,"name":"Shaded","section":"Shading Mode"},"sceneLighting":true,"audioPlay":false,"sceneViewState":{"showFog":false,"showMaterialUpdate":false,"showSkybox":true,"showFlares":true,"showImageEffects":true,"showParticleSystems":true},"in2DMode":false,"pivot":{"x":-0.9639759063720703,"y":-0.7045736312866211,"z":0.07693076133728028},"rotation":{"x":0.41377389430999758,"y":-0.44914889335632326,"z":0.2470213621854782,"w":0.7523826360702515},"size":5.2907490730285648,"orthographic":false}