{"cameraMode":{"drawMode":0,"name":"Shaded","section":"Shading Mode"},"sceneLighting":true,"audioPlay":false,"sceneViewState":{"showFog":false,"showMaterialUpdate":false,"showSkybox":true,"showFlares":true,"showImageEffects":true,"showParticleSystems":true},"in2DMode":false,"pivot":{"x":221.80877685546876,"y":10.985654830932618,"z":234.32525634765626},"rotation":{"x":-0.112962506711483,"y":0.6490771174430847,"z":-0.09831643849611283,"w":-0.7459134459495544},"size":7.565359115600586,"orthographic":false}