{"cameraMode":{"drawMode":0,"name":"Shaded","section":"Shading Mode"},"sceneLighting":false,"audioPlay":false,"sceneViewState":{"showFog":false,"showMaterialUpdate":false,"showSkybox":false,"showFlares":true,"showImageEffects":true,"showParticleSystems":true},"in2DMode":false,"pivot":{"x":-0.29316580295562746,"y":-0.3758614957332611,"z":-0.690380334854126},"rotation":{"x":0.1844780147075653,"y":-0.6799635291099548,"z":0.18293358385562898,"w":0.6857076287269592},"size":0.8491896986961365,"orthographic":false}